relative_compactness,surface_area,wall_area,roof_area,overall_height,orientation,glazing_area,glazing_area_distribution,heating_load,cooling_load,mixed_type_col
0.98,514.5,294.0,110.25,7.0,2.0,0.0,0.0,15.55,21.33,637.0
0.98,514.5,294.0,110.25,7.0,3.0,0.0,0.0,15.55,21.33,618.0
0.98,514.5,294.0,110.25,7.0,4.0,0.0,0.0,15.55,21.33,412.0
0.98,514.5,294.0,110.25,7.0,5.0,0.0,0.0,15.55,21.33,243.0
0.9,563.5,318.5,122.5,7.0,2.0,0.0,0.0,20.84,28.28,979.0
0.9,686.0,318.5,122.5,7.0,3.0,0.0,0.0,21.46,25.38,478.0
0.9,563.5,318.5,122.5,7.0,4.0,0.0,0.0,20.71,25.16,272.0
0.9,563.5,318.5,122.5,7.0,5.0,0.0,0.0,19.68,29.6,706.0
0.86,588.0,294.0,147.0,7.0,2.0,0.0,0.0,19.5,27.3,481.0
0.86,588.0,294.0,147.0,7.0,3.0,0.0,0.0,19.95,21.97,478.0
0.86,588.0,294.0,147.0,7.0,4.0,0.0,0.0,19.34,23.49,648.0
0.86,588.0,294.0,147.0,7.0,5.0,0.0,0.0,18.31,27.87,368.0
0.82,612.5,318.5,147.0,7.0,2.0,0.0,0.0,17.05,23.77,152.0
0.82,612.5,318.5,147.0,7.0,3.0,0.0,0.0,17.41,21.46,478.0
0.82,612.5,318.5,147.0,7.0,4.0,0.0,0.0,16.95,21.16,939.0
0.79,637.0,343.0,147.0,7.0,2.0,0.0,0.0,28.52,37.73,417.0
0.79,637.0,343.0,147.0,7.0,3.0,0.0,0.0,29.9,31.27,478.0
0.79,637.0,343.0,147.0,7.0,4.0,0.0,0.0,29.63,30.93,478.0
0.79,637.0,343.0,147.0,7.0,5.0,0.0,0.0,28.75,39.44,912.0
0.76,661.5,416.5,122.5,7.0,2.0,0.0,0.0,24.77,29.79,768.0
0.76,661.5,416.5,122.5,7.0,3.0,0.0,0.0,23.93,29.68,534.0
0.76,661.5,416.5,122.5,7.0,4.0,0.0,0.0,24.77,29.79,475.0
0.76,661.5,416.5,122.5,7.0,5.0,0.0,0.0,23.93,29.4,865.0
0.74,686.0,245.0,220.5,3.5,2.0,0.0,0.0,6.07,10.9,856.0
0.74,686.0,245.0,220.5,3.5,3.0,0.0,0.0,6.05,11.19,478.0
0.74,686.0,245.0,220.5,3.5,4.0,0.0,0.0,6.01,10.94,964.0
0.74,686.0,245.0,220.5,3.5,5.0,0.0,0.0,6.04,11.17,827.0
0.71,710.5,269.5,220.5,3.5,2.0,0.0,0.0,6.37,11.27,846.0
0.71,710.5,269.5,220.5,3.5,3.0,0.0,0.0,6.4,11.72,56.0
0.71,710.5,269.5,220.5,3.5,4.0,0.0,0.0,6.366,11.29,130.0
0.71,710.5,269.5,220.5,3.5,5.0,0.0,0.0,6.4,11.67,298.0
0.69,735.0,294.0,220.5,3.5,3.0,0.0,0.0,6.79,12.05,478.0
0.69,735.0,294.0,220.5,3.5,4.0,0.0,0.0,6.77,11.73,82.0
0.69,735.0,294.0,220.5,3.5,5.0,0.0,0.0,6.81,11.93,478.0
0.66,759.5,318.5,220.5,3.5,2.0,0.0,0.0,7.18,12.4,191.0
0.66,759.5,318.5,220.5,3.5,3.0,0.0,0.0,7.1,12.23,918.0
0.66,759.5,318.5,220.5,3.5,4.0,0.0,0.0,7.1,12.4,721.0
0.66,759.5,318.5,220.5,3.5,5.0,0.0,0.0,7.1,12.14,716.0
0.64,686.0,343.0,220.5,3.5,2.0,0.0,0.0,10.85,16.78,478.0
0.64,784.0,343.0,220.5,3.5,3.0,0.0,0.0,10.54,16.8,625.0
0.64,784.0,343.0,220.5,3.5,4.0,0.0,0.0,10.77,16.75,778.0
0.64,784.0,343.0,220.5,3.5,5.0,0.0,0.0,10.56,16.67,478.0
0.62,808.5,367.5,220.5,3.5,2.0,0.0,0.0,8.6,12.07,856.0
0.62,808.5,367.5,220.5,3.5,3.0,0.0,0.0,8.49,12.22,478.0
0.62,808.5,367.5,220.5,3.5,4.0,0.0,0.0,8.45,12.08,324.0
0.62,808.5,367.5,220.5,3.5,5.0,0.0,0.0,8.5,12.04,478.0
0.98,514.5,294.0,110.25,7.0,2.0,0.1,1.0,24.58,26.47,943.0
0.98,514.5,294.0,110.25,7.0,3.0,0.1,1.0,24.63,26.37,826.0
0.98,514.5,294.0,110.25,7.0,4.0,0.1,1.0,24.63,26.44,498.0
0.98,514.5,294.0,110.25,7.0,5.0,0.1,1.0,24.59,26.29,596.0
0.9,563.5,318.5,122.5,7.0,2.0,0.1,1.0,29.03,32.92,478.0
0.9,563.5,318.5,122.5,7.0,3.0,0.25,1.0,29.87,29.87,748.0
0.9,563.5,318.5,122.5,7.0,4.0,0.1,1.0,29.14,29.58,502.0
0.9,563.5,318.5,122.5,7.0,5.0,0.1,1.0,28.09,34.33,280.0
0.86,588.0,294.0,147.0,7.0,2.0,0.1,1.0,26.28,30.89,478.0
0.86,588.0,294.0,147.0,7.0,3.0,0.1,1.0,26.91,25.6,976.0
0.86,588.0,294.0,147.0,7.0,4.0,0.1,1.0,26.37,27.03,478.0
0.76,588.0,294.0,147.0,7.0,5.0,0.1,1.0,25.27,31.73,31.0
0.82,612.5,318.5,147.0,7.0,2.0,0.1,1.0,23.53,27.31,478.0
0.82,612.5,318.5,147.0,7.0,3.0,0.1,1.0,24.03,24.91,386.0
0.82,612.5,318.5,147.0,7.0,5.0,0.1,1.0,22.58,28.51,882.0
0.79,637.0,343.0,147.0,7.0,2.0,0.1,1.0,35.56,41.68,914.0
0.79,637.0,343.0,147.0,7.0,3.0,0.1,1.0,37.12,35.28,478.0
0.79,637.0,343.0,147.0,7.0,5.0,0.1,1.0,35.94,43.33,141.0
0.76,661.5,416.5,122.5,7.0,3.0,0.1,1.0,32.12,34.07,365.0
0.76,661.5,416.5,122.5,7.0,4.0,0.1,1.0,32.94,34.14,40.0
0.76,661.5,416.5,122.5,7.0,5.0,0.1,1.0,32.21,33.67,428.0
0.74,686.0,318.5,220.5,3.5,2.0,0.1,1.0,10.36,13.43,822.0
0.74,686.0,245.0,220.5,3.5,3.0,0.1,1.0,10.43,13.71,933.0
0.71,710.5,269.5,220.5,7.0,2.0,0.1,1.0,10.71,13.8,478.0
0.71,710.5,269.5,220.5,3.5,3.0,0.1,1.0,10.8,14.28,478.0
0.71,710.5,269.5,220.5,3.5,4.0,0.1,1.0,10.7,13.87,108.0
0.76,710.5,269.5,220.5,3.5,5.0,0.1,1.0,10.75,14.27,972.0
0.69,735.0,294.0,220.5,3.5,3.0,0.1,1.0,11.13,14.61,642.0
0.69,735.0,294.0,220.5,3.5,4.0,0.1,1.0,11.09,14.3,478.0
0.69,735.0,294.0,220.5,7.0,5.0,0.1,1.0,11.16,14.45,873.0
0.66,759.5,318.5,220.5,3.5,2.0,0.1,1.0,11.68,13.9,143.0
0.66,759.5,318.5,220.5,3.5,3.0,0.1,1.0,11.69,13.72,246.0
0.66,759.5,318.5,220.5,3.5,4.0,0.1,1.0,11.7,13.88,478.0
0.66,759.5,318.5,220.5,3.5,5.0,0.1,1.0,11.69,13.65,478.0
0.64,784.0,343.0,220.5,3.5,2.0,0.1,1.0,15.41,19.37,494.0
0.64,784.0,343.0,220.5,3.5,3.0,0.1,1.0,15.2,19.43,478.0
0.64,784.0,343.0,220.5,3.5,4.0,0.1,1.0,15.42,19.34,478.0
0.64,784.0,343.0,220.5,3.5,5.0,0.1,1.0,15.21,19.32,8.0
0.62,808.5,367.5,220.5,3.5,3.0,0.1,1.0,12.97,14.5,705.0
0.62,808.5,367.5,220.5,3.5,4.0,0.1,1.0,12.93,14.33,815.0
0.62,808.5,367.5,220.5,3.5,5.0,0.1,1.0,13.02,14.27,118.0
0.98,514.5,294.0,110.25,7.0,2.0,0.1,2.0,24.29,25.95,478.0
0.98,514.5,294.0,110.25,7.0,3.0,0.1,2.0,24.31,25.63,478.0
0.98,514.5,294.0,110.25,7.0,4.0,0.1,2.0,24.13,26.13,863.0
0.9,563.5,318.5,122.5,7.0,2.0,0.1,2.0,28.88,32.54,656.0
0.9,563.5,318.5,122.5,7.0,3.0,0.1,2.0,29.68,29.44,478.0
0.9,563.5,318.5,122.5,7.0,4.0,0.1,2.0,28.83,29.36,478.0
0.9,563.5,318.5,122.5,7.0,5.0,0.1,2.0,27.9,34.2,448.0
0.86,588.0,294.0,147.0,7.0,2.0,0.1,2.0,26.48,30.91,849.0
0.86,588.0,294.0,147.0,7.0,3.0,0.1,2.0,19.27,25.63,684.0
0.86,588.0,294.0,147.0,7.0,4.0,0.1,2.0,26.33,27.36,74.0
0.86,588.0,294.0,147.0,7.0,5.0,0.1,2.0,25.36,31.9,889.0
0.82,612.5,318.5,147.0,7.0,2.0,0.1,2.0,23.75,27.38,62.0
0.82,612.5,318.5,147.0,7.0,4.0,0.1,2.0,23.67,24.8,216.0
0.82,612.5,318.5,147.0,7.0,5.0,0.1,2.0,22.79,28.79,478.0
0.79,637.0,343.0,147.0,7.0,2.0,0.1,2.0,35.65,41.07,153.0
0.79,637.0,343.0,147.0,7.0,4.0,0.1,2.0,36.97,33.87,478.0
0.79,637.0,343.0,147.0,7.0,5.0,0.1,2.0,36.03,42.86,478.0
0.76,661.5,416.5,122.5,7.0,2.0,0.1,2.0,33.16,33.91,90.0
0.76,661.5,416.5,122.5,7.0,3.0,0.1,2.0,32.4,34.07,391.0
0.76,661.5,416.5,122.5,7.0,4.0,0.1,2.0,33.12,34.17,623.0
0.76,661.5,416.5,122.5,7.0,5.0,0.1,2.0,32.41,33.78,711.0
0.74,686.0,245.0,220.5,3.5,2.0,0.1,2.0,10.42,13.39,872.0
0.74,686.0,245.0,220.5,3.5,3.0,0.1,2.0,10.46,13.72,816.0
0.74,686.0,245.0,220.5,3.5,4.0,0.1,2.0,10.32,13.57,518.0
0.74,686.0,245.0,220.5,3.5,5.0,0.1,2.0,10.45,13.79,303.0
0.71,710.5,269.5,220.5,3.5,2.0,0.1,2.0,10.64,13.67,478.0
0.71,710.5,269.5,220.5,3.5,3.0,0.1,2.0,10.72,23.11,992.0
0.71,710.5,269.5,220.5,3.5,4.0,0.1,2.0,10.55,13.8,608.0
0.71,710.5,269.5,220.5,3.5,5.0,0.1,2.0,10.68,14.21,908.0
0.69,735.0,294.0,220.5,3.5,2.0,0.1,2.0,11.45,13.2,478.0
0.69,735.0,318.5,220.5,3.5,3.0,0.1,2.0,11.46,13.54,485.0
0.69,735.0,294.0,220.5,3.5,5.0,0.1,2.0,11.49,13.51,722.0
0.66,759.5,318.5,220.5,3.5,2.0,0.1,2.0,11.45,14.86,200.0
0.66,759.5,318.5,220.5,3.5,4.0,0.1,2.0,11.33,15.0,478.0
0.66,759.5,318.5,220.5,3.5,5.0,0.1,2.0,11.43,14.74,760.0
0.64,784.0,343.0,220.5,3.5,2.0,0.1,2.0,15.41,19.23,29.0
0.64,784.0,343.0,220.5,3.5,5.0,0.1,2.0,15.19,19.3,23.0
0.62,808.5,367.5,220.5,3.5,3.0,0.1,2.0,13.0,14.57,478.0
0.62,808.5,367.5,220.5,3.5,4.0,0.1,2.0,12.97,14.27,360.0
0.62,808.5,367.5,220.5,3.5,5.0,0.1,2.0,13.04,14.24,336.0
0.98,514.5,294.0,110.25,7.0,2.0,0.1,3.0,24.28,25.68,519.0
0.98,514.5,294.0,110.25,7.0,3.0,0.1,3.0,24.4,26.02,917.0
0.98,514.5,294.0,110.25,7.0,4.0,0.1,3.0,24.11,25.84,461.0
0.76,563.5,318.5,122.5,7.0,2.0,0.1,3.0,28.07,34.14,478.0
0.9,563.5,318.5,122.5,7.0,3.0,0.1,3.0,29.01,32.85,887.0
0.9,563.5,318.5,122.5,7.0,4.0,0.1,3.0,29.62,30.08,314.0
0.9,563.5,318.5,122.5,7.0,5.0,0.1,3.0,29.05,29.67,462.0
0.86,588.0,294.0,147.0,7.0,2.0,0.25,3.0,25.41,31.73,478.0
0.86,588.0,294.0,147.0,7.0,3.0,0.1,3.0,26.47,31.01,288.0
0.86,588.0,294.0,147.0,7.0,4.0,0.1,3.0,26.89,25.9,553.0
0.86,588.0,294.0,147.0,7.0,5.0,0.1,3.0,26.46,27.4,900.0
0.82,612.5,318.5,147.0,7.0,4.0,0.1,3.0,22.93,28.68,328.0
0.82,612.5,318.5,147.0,7.0,3.0,0.1,3.0,23.84,27.54,560.0
0.82,612.5,318.5,147.0,7.0,5.0,0.1,3.0,23.87,24.93,360.0
0.79,637.0,343.0,147.0,7.0,2.0,0.1,3.0,35.78,43.12,478.0
0.79,637.0,343.0,147.0,7.0,3.0,0.1,3.0,35.48,41.22,44.0
0.79,637.0,343.0,147.0,7.0,4.0,0.1,3.0,36.97,35.1,907.0
0.79,637.0,343.0,147.0,7.0,5.0,0.1,3.0,36.7,34.29,478.0
0.76,661.5,416.5,122.5,7.0,2.0,0.1,3.0,32.52,33.85,215.0
0.76,661.5,416.5,122.5,7.0,3.0,0.1,3.0,33.28,34.11,139.0
0.76,661.5,416.5,122.5,7.0,4.0,0.1,3.0,32.33,34.48,707.0
0.76,661.5,416.5,122.5,7.0,5.0,0.1,3.0,33.24,34.5,364.0
0.74,686.0,245.0,220.5,3.5,2.0,0.1,3.0,10.39,13.6,478.0
0.74,686.0,245.0,220.5,3.5,3.0,0.1,3.0,10.34,13.36,607.0
0.74,686.0,245.0,220.5,3.5,4.0,0.1,3.0,10.35,13.65,15.0
0.74,686.0,245.0,220.5,3.5,5.0,0.1,3.0,10.38,13.49,307.0
0.71,710.5,269.5,220.5,3.5,2.0,0.1,3.0,10.77,14.14,4.0
0.71,710.5,269.5,220.5,3.5,3.0,0.1,3.0,10.68,13.77,65.0
0.71,710.5,269.5,220.5,3.5,4.0,0.1,3.0,10.68,14.3,478.0
0.71,710.5,269.5,220.5,3.5,5.0,0.1,3.0,10.7,13.87,478.0
0.69,735.0,294.0,220.5,3.5,2.0,0.1,3.0,11.22,14.44,478.0
0.69,735.0,294.0,220.5,3.5,3.0,0.25,3.0,11.16,14.27,408.0
0.69,735.0,294.0,220.5,3.5,4.0,0.1,3.0,11.1,14.67,451.0
0.69,735.0,294.0,220.5,3.5,5.0,0.1,3.0,11.14,14.4,478.0
0.66,759.5,318.5,220.5,3.5,2.0,0.1,3.0,11.59,13.46,661.0
0.66,759.5,318.5,220.5,3.5,3.0,0.1,3.0,11.6,13.7,392.0
0.66,759.5,318.5,220.5,3.5,4.0,0.1,3.0,11.53,13.59,478.0
0.66,759.5,318.5,220.5,3.5,5.0,0.1,3.0,11.61,13.83,89.0
0.64,784.0,343.0,220.5,3.5,2.0,0.1,3.0,15.16,19.14,386.0
0.64,784.0,343.0,220.5,3.5,3.0,0.1,3.0,15.36,19.18,478.0
0.64,784.0,343.0,220.5,3.5,5.0,0.25,3.0,15.36,19.29,919.0
0.62,808.5,367.5,220.5,3.5,2.0,0.1,3.0,12.68,14.09,515.0
0.62,808.5,367.5,220.5,3.5,3.0,0.1,3.0,12.63,14.23,478.0
0.62,808.5,367.5,220.5,3.5,4.0,0.1,3.0,12.71,14.14,275.0
0.62,808.5,367.5,220.5,3.5,5.0,0.1,3.0,12.73,13.89,478.0
0.98,514.5,294.0,110.25,7.0,2.0,0.1,4.0,24.38,25.91,366.0
0.98,514.5,294.0,110.25,7.0,3.0,0.1,4.0,24.23,25.72,928.0
0.98,514.5,294.0,110.25,7.0,4.0,0.1,4.0,24.04,26.18,522.0
0.98,514.5,294.0,110.25,7.0,5.0,0.1,4.0,24.32,25.87,636.0
0.9,563.5,318.5,122.5,7.0,2.0,0.1,4.0,29.06,29.34,203.0
0.9,563.5,318.5,122.5,7.0,3.0,0.1,4.0,28.05,33.91,994.0
0.9,563.5,318.5,122.5,7.0,4.0,0.1,4.0,28.86,32.83,192.0
0.9,563.5,318.5,122.5,7.0,5.0,0.1,4.0,29.79,29.92,33.0
0.86,588.0,294.0,147.0,7.0,2.0,0.1,4.0,26.44,27.17,478.0
0.86,588.0,294.0,147.0,7.0,3.0,0.1,4.0,25.37,31.76,478.0
0.86,588.0,294.0,147.0,7.0,4.0,0.1,4.0,26.33,31.06,921.0
0.86,588.0,294.0,147.0,7.0,5.0,0.1,4.0,27.03,25.81,857.0
0.82,612.5,318.5,147.0,7.0,3.0,0.1,4.0,22.8,28.61,916.0
0.82,612.5,318.5,147.0,7.0,5.0,0.1,4.0,24.24,25.16,478.0
0.79,637.0,343.0,147.0,7.0,3.0,0.1,4.0,35.89,43.3,787.0
0.79,637.0,343.0,147.0,7.0,4.0,0.1,4.0,35.45,41.86,478.0
0.79,637.0,343.0,147.0,7.0,5.0,0.1,4.0,37.1,35.29,195.0
0.76,661.5,416.5,122.5,7.0,2.0,0.1,4.0,33.08,34.11,369.0
0.76,661.5,416.5,122.5,7.0,4.0,0.1,4.0,33.09,33.89,270.0
0.76,661.5,416.5,122.5,7.0,5.0,0.1,4.0,32.31,34.05,358.0
0.76,686.0,245.0,220.5,3.5,2.0,0.1,4.0,10.08,13.2,330.0
0.74,686.0,245.0,220.5,3.5,3.0,0.1,4.0,10.15,13.36,478.0
0.74,686.0,245.0,220.5,3.5,4.0,0.1,4.0,10.07,13.21,714.0
0.74,686.0,245.0,220.5,3.5,5.0,0.1,4.0,10.14,13.53,675.0
0.71,710.5,269.5,220.5,3.5,2.0,0.1,4.0,10.66,13.67,141.0
0.71,710.5,269.5,220.5,3.5,3.0,0.1,4.0,10.68,14.12,478.0
0.71,710.5,269.5,220.5,3.5,4.0,0.1,4.0,10.53,13.79,478.0
0.71,710.5,269.5,220.5,3.5,5.0,0.1,4.0,10.72,14.2,478.0
0.69,735.0,294.0,220.5,3.5,2.0,0.1,4.0,11.18,14.29,69.0
0.69,735.0,294.0,220.5,3.5,3.0,0.1,3.0,11.22,14.49,321.0
0.69,735.0,294.0,220.5,3.5,4.0,0.1,4.0,11.07,14.42,678.0
0.69,735.0,294.0,220.5,3.5,5.0,0.1,4.0,11.2,14.73,478.0
0.66,759.5,318.5,220.5,3.5,2.0,0.1,4.0,11.44,14.86,478.0
0.66,759.5,318.5,220.5,3.5,3.0,0.1,4.0,11.42,14.67,478.0
0.66,759.5,318.5,220.5,3.5,4.0,0.1,4.0,11.33,15.0,194.0
0.66,759.5,318.5,220.5,3.5,5.0,0.1,4.0,11.43,14.83,478.0
0.64,784.0,343.0,220.5,3.5,2.0,0.1,4.0,15.4,19.24,478.0
0.64,784.0,343.0,220.5,3.5,3.0,0.1,4.0,15.19,19.25,126.0
0.64,784.0,343.0,220.5,3.5,5.0,0.1,4.0,15.16,19.48,818.0
0.62,808.5,367.5,220.5,3.5,3.0,0.1,4.0,13.04,14.34,688.0
0.62,808.5,367.5,220.5,3.5,4.0,0.1,4.0,13.0,14.28,748.0
0.98,514.5,294.0,110.25,7.0,2.0,0.1,5.0,24.35,25.64,478.0
0.98,514.5,294.0,110.25,7.0,4.0,0.1,5.0,24.03,25.88,793.0
0.98,514.5,294.0,110.25,7.0,5.0,0.1,5.0,24.26,26.18,466.0
0.9,563.5,318.5,122.5,7.0,2.0,0.1,5.0,19.27,29.82,576.0
0.9,563.5,318.5,122.5,7.0,3.0,0.1,5.0,29.08,29.52,478.0
0.9,563.5,318.5,122.5,7.0,4.0,0.1,5.0,28.03,34.45,853.0
0.9,563.5,318.5,122.5,7.0,5.0,0.1,5.0,29.02,33.01,478.0
0.86,588.0,294.0,147.0,7.0,2.0,0.1,5.0,27.03,25.82,896.0
0.86,588.0,294.0,147.0,7.0,3.0,0.1,5.0,26.45,27.33,207.0
0.86,588.0,294.0,147.0,7.0,4.0,0.1,5.0,25.36,32.04,478.0
0.86,588.0,294.0,220.5,7.0,5.0,0.1,5.0,26.45,31.28,24.0
0.82,612.5,318.5,220.5,7.0,2.0,0.1,5.0,24.37,25.11,478.0
0.82,612.5,318.5,147.0,7.0,3.0,0.1,5.0,23.89,24.77,93.0
0.82,612.5,318.5,147.0,7.0,4.0,0.1,5.0,22.89,28.88,547.0
0.82,612.5,318.5,147.0,7.0,5.0,0.1,5.0,23.86,27.69,266.0
0.79,637.0,343.0,147.0,7.0,2.0,0.1,5.0,37.03,34.99,478.0
0.79,637.0,343.0,147.0,7.0,3.0,0.1,5.0,36.71,34.18,819.0
0.79,637.0,343.0,295.0,7.0,4.0,0.1,5.0,36.77,43.14,478.0
0.79,637.0,343.0,147.0,7.0,5.0,0.1,5.0,35.48,41.26,478.0
0.76,661.5,416.5,122.5,7.0,2.0,0.1,5.0,32.31,34.25,739.0
0.76,661.5,416.5,122.5,7.0,3.0,0.1,5.0,33.21,34.35,478.0
0.76,661.5,416.5,122.5,7.0,4.0,0.1,5.0,32.46,33.64,478.0
0.76,661.5,416.5,122.5,7.0,5.0,0.1,5.0,33.27,33.88,662.0
0.74,686.0,245.0,220.5,3.5,2.0,0.1,5.0,10.47,13.65,478.0
0.74,686.0,245.0,220.5,3.5,4.0,0.1,5.0,10.34,13.72,383.0
0.74,686.0,245.0,220.5,3.5,5.0,0.1,5.0,10.39,13.5,131.0
0.71,710.5,269.5,220.5,3.5,3.0,0.1,5.0,10.7,13.75,222.0
0.71,710.5,269.5,220.5,3.5,4.0,0.1,5.0,10.67,14.26,83.0
0.71,710.5,269.5,220.5,3.5,5.0,0.1,5.0,13.69,13.89,222.0
0.69,735.0,294.0,220.5,3.5,2.0,0.1,5.0,11.21,14.55,823.0
0.69,735.0,294.0,220.5,3.5,3.0,0.1,5.0,11.14,14.28,478.0
0.69,735.0,294.0,220.5,3.5,4.0,0.1,5.0,11.11,14.46,478.0
0.69,735.0,294.0,220.5,3.5,5.0,0.1,5.0,11.16,14.39,461.0
0.66,759.5,318.5,220.5,3.5,2.0,0.1,5.0,11.38,14.54,116.0
0.66,759.5,318.5,220.5,3.5,3.0,0.25,5.0,11.34,14.81,478.0
0.66,759.5,318.5,220.5,3.5,4.0,0.1,5.0,11.22,14.65,199.0
0.66,759.5,318.5,220.5,3.5,5.0,0.1,5.0,11.34,14.87,556.0
0.64,784.0,343.0,220.5,3.5,2.0,0.1,5.0,15.16,19.24,478.0
0.64,784.0,343.0,220.5,3.5,3.0,0.1,5.0,15.37,19.18,478.0
0.64,784.0,343.0,220.5,3.5,4.0,0.1,5.0,15.12,19.26,377.0
0.62,808.5,367.5,220.5,3.5,4.0,0.1,5.0,12.59,14.24,478.0
0.62,808.5,367.5,220.5,3.5,3.0,0.1,5.0,12.74,13.97,520.0
0.62,808.5,367.5,220.5,3.5,5.0,0.1,5.0,12.62,23.11,478.0
0.98,514.5,294.0,110.25,7.0,2.0,0.25,1.0,28.15,29.79,254.0
0.98,514.5,294.0,110.25,7.0,3.0,0.25,1.0,28.15,29.79,716.0
0.98,514.5,294.0,110.25,7.0,4.0,0.25,1.0,19.27,29.28,573.0
0.98,514.5,294.0,110.25,7.0,5.0,0.25,1.0,28.41,29.49,730.0
0.9,563.5,318.5,122.5,7.0,2.0,0.25,1.0,32.68,36.12,940.0
0.9,563.5,318.5,122.5,7.0,3.0,0.25,1.0,33.48,33.17,729.0
0.9,563.5,318.5,122.5,7.0,4.0,0.25,1.0,32.84,32.71,340.0
0.9,563.5,318.5,122.5,7.0,5.0,0.25,1.0,32.0,37.58,478.0
0.86,588.0,294.0,147.0,7.0,2.0,0.25,1.0,29.54,33.98,529.0
0.86,588.0,294.0,147.0,7.0,3.0,0.25,1.0,30.05,28.61,449.0
0.86,588.0,294.0,147.0,7.0,5.0,0.25,1.0,28.66,34.73,811.0
0.82,612.5,318.5,147.0,7.0,2.0,0.25,1.0,26.84,30.17,478.0
0.82,612.5,318.5,147.0,7.0,3.0,0.25,1.0,27.27,27.84,381.0
0.82,612.5,318.5,147.0,7.0,4.0,0.25,1.0,26.97,27.25,680.0
0.76,612.5,318.5,147.0,7.0,5.0,0.25,1.0,26.19,31.39,478.0
0.79,637.0,343.0,147.0,7.0,2.0,0.25,1.0,38.67,43.8,11.0
0.79,637.0,343.0,147.0,7.0,3.0,0.25,1.0,40.03,37.81,364.0
0.79,637.0,343.0,147.0,7.0,4.0,0.25,1.0,39.86,36.85,478.0
0.79,637.0,343.0,147.0,7.0,5.0,0.25,1.0,39.04,45.52,497.0
0.76,661.5,416.5,122.5,7.0,2.0,0.25,1.0,36.96,36.85,478.0
0.76,661.5,416.5,122.5,7.0,3.0,0.25,1.0,36.13,37.58,478.0
0.76,661.5,416.5,122.5,7.0,4.0,0.25,1.0,36.91,37.45,478.0
0.76,661.5,416.5,122.5,7.0,5.0,0.25,1.0,36.43,36.62,433.0
0.74,686.0,245.0,220.5,3.5,2.0,0.25,1.0,12.43,15.19,478.0
0.74,686.0,245.0,220.5,3.5,3.0,0.25,1.0,12.5,15.5,478.0
0.74,686.0,245.0,220.5,3.5,4.0,0.25,1.0,12.41,15.28,147.0
0.74,686.0,245.0,220.5,3.5,5.0,0.25,1.0,12.45,15.5,478.0
0.71,710.5,269.5,220.5,7.0,2.0,0.25,1.0,12.57,15.42,141.0
0.71,710.5,269.5,220.5,3.5,3.0,0.25,1.0,12.65,15.85,478.0
0.71,710.5,269.5,220.5,3.5,4.0,0.25,1.0,12.57,15.44,995.0
0.71,710.5,269.5,220.5,3.5,5.0,0.25,1.0,12.63,15.81,618.0
0.69,735.0,294.0,220.5,3.5,2.0,0.25,1.0,12.78,15.21,816.0
0.69,735.0,318.5,220.5,3.5,3.0,0.25,1.0,12.93,15.63,478.0
0.69,735.0,294.0,220.5,3.5,4.0,0.25,1.0,12.73,15.48,600.0
0.69,735.0,294.0,220.5,3.5,5.0,0.25,1.0,12.72,15.78,609.0
0.66,759.5,318.5,220.5,3.5,2.0,0.25,1.0,13.17,16.39,243.0
0.66,759.5,318.5,220.5,3.5,4.0,0.25,1.0,13.17,16.39,787.0
0.66,759.5,318.5,220.5,3.5,5.0,0.25,1.0,13.18,16.19,872.0
0.64,784.0,343.0,220.5,3.5,2.0,0.25,1.0,17.5,21.13,983.0
0.64,784.0,343.0,220.5,3.5,3.0,0.25,1.0,17.35,21.19,348.0
0.64,784.0,343.0,220.5,3.5,4.0,0.25,1.0,17.52,21.09,143.0
0.64,784.0,343.0,220.5,3.5,5.0,0.25,1.0,17.37,21.08,859.0
0.62,808.5,367.5,220.5,3.5,2.0,0.25,1.0,15.09,15.77,478.0
0.62,808.5,367.5,220.5,3.5,3.0,0.25,1.0,15.12,15.95,478.0
0.62,808.5,367.5,220.5,3.5,4.0,0.25,1.0,15.08,15.77,694.0
0.62,808.5,367.5,220.5,3.5,5.0,0.25,1.0,15.16,15.76,257.0
0.98,514.5,294.0,110.25,7.0,2.0,0.25,2.0,28.67,29.62,354.0
0.98,514.5,294.0,110.25,7.0,3.0,0.25,2.0,28.57,29.69,478.0
0.98,514.5,294.0,110.25,7.0,5.0,0.25,2.0,28.6,30.02,281.0
0.9,563.5,318.5,220.5,7.0,2.0,0.25,2.0,32.46,35.56,478.0
0.9,563.5,318.5,122.5,7.0,3.0,0.25,2.0,33.27,32.64,649.0
0.9,563.5,318.5,122.5,7.0,4.0,0.25,3.0,32.33,32.77,35.0
0.9,563.5,318.5,122.5,7.0,5.0,0.25,2.0,31.66,37.72,93.0
0.86,588.0,294.0,147.0,7.0,2.0,0.25,2.0,29.34,33.37,42.0
0.86,588.0,294.0,147.0,7.0,3.0,0.25,2.0,29.87,27.89,734.0
0.86,588.0,294.0,147.0,7.0,4.0,0.25,2.0,29.27,29.9,478.0
0.86,588.0,294.0,147.0,7.0,5.0,0.25,2.0,28.4,34.52,419.0
0.82,612.5,318.5,147.0,7.0,2.0,0.25,2.0,19.27,28.27,121.0
0.79,637.0,343.0,147.0,7.0,2.0,0.25,2.0,38.57,43.86,478.0
0.79,637.0,343.0,147.0,7.0,3.0,0.25,2.0,40.19,37.41,695.0
0.79,637.0,343.0,147.0,7.0,4.0,0.25,2.0,39.97,36.77,109.0
0.79,637.0,343.0,147.0,7.0,5.0,0.25,2.0,38.98,45.97,495.0
0.76,661.5,416.5,122.5,7.0,3.0,0.25,2.0,36.28,37.35,478.0
0.76,661.5,416.5,122.5,7.0,5.0,0.25,2.0,36.45,36.81,315.0
0.74,686.0,245.0,220.5,3.5,2.0,0.25,2.0,12.35,14.73,942.0
0.74,686.0,245.0,220.5,3.5,3.0,0.25,2.0,12.45,15.1,478.0
0.74,686.0,245.0,220.5,3.5,5.0,0.25,2.0,12.3,15.44,435.0
0.71,710.5,269.5,220.5,3.5,2.0,0.25,2.0,12.33,14.91,31.0
0.71,710.5,269.5,220.5,3.5,4.0,0.25,2.0,12.29,15.4,943.0
0.71,710.5,269.5,220.5,3.5,4.0,0.25,2.0,12.2,14.94,702.0
0.71,710.5,318.5,220.5,3.5,5.0,0.25,2.0,12.49,15.32,478.0
0.69,735.0,294.0,220.5,3.5,2.0,0.25,2.0,12.85,15.52,52.0
0.69,735.0,294.0,220.5,3.5,3.0,0.25,2.0,12.87,15.85,675.0
0.69,735.0,294.0,220.5,3.5,4.0,0.25,2.0,12.73,15.66,478.0
0.69,735.0,294.0,220.5,3.5,5.0,0.25,2.0,12.95,15.99,49.0
0.66,759.5,318.5,220.5,3.5,2.0,0.25,2.0,13.05,15.89,478.0
0.66,759.5,318.5,220.5,3.5,3.0,0.25,2.0,12.93,15.85,718.0
0.66,759.5,318.5,220.5,3.5,4.0,0.25,2.0,12.77,16.22,462.0
0.66,759.5,318.5,220.5,3.5,5.0,0.25,2.0,13.0,15.87,238.0
0.64,784.0,343.0,220.5,3.5,2.0,0.25,2.0,17.14,20.47,478.0
0.64,784.0,343.0,220.5,3.5,3.0,0.25,2.0,16.84,20.56,478.0
0.64,784.0,343.0,220.5,3.5,4.0,0.25,2.0,17.02,20.48,478.0
0.64,784.0,343.0,220.5,3.5,5.0,0.25,2.0,17.11,20.43,367.0
0.62,808.5,367.5,220.5,3.5,2.0,0.25,2.0,14.34,15.32,217.0
0.62,808.5,367.5,220.5,3.5,3.0,0.25,2.0,14.66,15.64,478.0
0.62,808.5,367.5,220.5,3.5,4.0,0.25,2.0,14.6,15.14,125.0
0.62,808.5,367.5,220.5,3.5,5.0,0.25,2.0,14.6,15.3,478.0
0.98,514.5,294.0,110.25,7.0,2.0,0.25,3.0,28.67,29.43,382.0
0.9,563.5,318.5,122.5,7.0,2.0,0.25,3.0,31.63,36.35,192.0
0.76,563.5,318.5,122.5,7.0,3.0,0.25,3.0,32.4,35.1,972.0
0.9,563.5,318.5,122.5,7.0,4.0,0.25,3.0,32.68,32.83,478.0
0.9,563.5,318.5,122.5,7.0,5.0,0.25,3.0,32.29,32.46,470.0
0.86,588.0,294.0,147.0,7.0,2.0,0.25,3.0,28.4,33.52,49.0
0.86,588.0,294.0,147.0,7.0,3.0,0.25,3.0,29.4,32.93,478.0
0.86,588.0,294.0,147.0,7.0,4.0,0.25,3.0,29.43,28.38,744.0
0.86,588.0,294.0,147.0,7.0,5.0,0.25,3.0,29.07,29.82,478.0
0.82,612.5,318.5,147.0,7.0,2.0,0.25,3.0,24.7,28.77,478.0
0.82,612.5,318.5,147.0,7.0,3.0,0.25,3.0,25.48,27.76,107.0
0.82,612.5,318.5,147.0,7.0,4.0,0.25,3.0,25.37,26.95,478.0
0.82,612.5,318.5,147.0,7.0,5.0,0.25,3.0,25.17,26.41,230.0
0.79,637.0,343.0,147.0,7.0,2.0,0.25,3.0,39.04,45.13,209.0
0.79,637.0,343.0,147.0,7.0,3.0,0.25,3.0,38.35,43.66,407.0
0.79,637.0,343.0,147.0,7.0,4.0,0.25,3.0,39.81,37.76,46.0
0.79,637.0,343.0,147.0,7.0,5.0,0.25,3.0,39.83,36.87,325.0
0.76,661.5,416.5,122.5,7.0,2.0,0.25,3.0,35.99,36.07,871.0
0.76,661.5,416.5,122.5,7.0,3.0,0.25,3.0,36.59,36.44,865.0
0.76,661.5,416.5,122.5,7.0,4.0,0.25,3.0,35.64,37.28,8.0
0.76,661.5,416.5,122.5,7.0,5.0,0.25,3.0,36.52,37.29,678.0
0.74,686.0,245.0,220.5,3.5,2.0,0.25,3.0,11.8,14.49,478.0
0.74,686.0,245.0,220.5,3.5,3.0,0.25,3.0,12.03,13.79,578.0
0.74,686.0,318.5,220.5,3.5,4.0,0.25,3.0,11.98,14.72,390.0
0.74,686.0,245.0,220.5,3.5,5.0,0.25,3.0,11.69,14.76,491.0
0.71,710.5,269.5,220.5,3.5,2.0,0.25,3.0,12.41,14.92,213.0
0.71,710.5,269.5,220.5,3.5,3.0,0.25,3.0,12.28,14.74,397.0
0.71,710.5,269.5,220.5,3.5,4.0,0.25,3.0,12.1,15.57,936.0
0.71,710.5,269.5,220.5,3.5,5.0,0.25,3.0,12.19,14.94,612.0
0.69,735.0,294.0,220.5,3.5,2.0,0.25,3.0,12.34,14.92,478.0
0.69,735.0,294.0,220.5,3.5,3.0,0.25,3.0,12.46,14.38,124.0
0.69,735.0,294.0,220.5,3.5,4.0,0.25,3.0,12.31,15.44,906.0
0.69,735.0,294.0,220.5,3.5,5.0,0.25,3.0,12.12,15.17,478.0
0.66,759.5,318.5,220.5,3.5,2.0,0.25,3.0,12.97,15.53,721.0
0.66,759.5,318.5,220.5,3.5,3.0,0.25,3.0,13.01,15.8,303.0
0.66,759.5,318.5,220.5,3.5,4.0,0.25,3.0,12.74,16.14,278.0
0.66,759.5,318.5,220.5,3.5,5.0,0.25,3.0,12.84,16.26,171.0
0.64,784.0,343.0,220.5,3.5,2.0,0.25,3.0,16.83,19.87,375.0
0.64,784.0,343.0,220.5,3.5,3.0,0.25,3.0,16.93,20.03,677.0
0.64,784.0,343.0,220.5,3.5,4.0,0.25,3.0,16.66,20.46,416.0
0.64,784.0,343.0,220.5,3.5,5.0,0.25,3.0,16.86,20.28,478.0
0.62,808.5,367.5,220.5,3.5,3.0,0.25,3.0,14.34,14.96,160.0
0.62,808.5,367.5,220.5,3.5,4.0,0.25,3.0,13.95,14.89,401.0
0.62,808.5,367.5,220.5,3.5,5.0,0.25,3.0,13.99,14.35,478.0
0.98,514.5,294.0,110.25,7.0,2.0,0.25,4.0,28.7,29.61,962.0
0.98,514.5,294.0,110.25,7.0,3.0,0.25,4.0,28.55,29.59,997.0
0.98,514.5,294.0,110.25,7.0,4.0,0.25,3.0,28.15,30.19,112.0
0.98,514.5,294.0,110.25,7.0,5.0,0.25,4.0,28.62,30.12,478.0
0.9,563.5,318.5,122.5,7.0,2.0,0.25,4.0,32.67,32.12,45.0
0.9,563.5,318.5,122.5,7.0,3.0,0.25,4.0,31.69,37.12,495.0
0.9,563.5,318.5,122.5,7.0,4.0,0.25,4.0,32.07,36.16,576.0
0.9,563.5,318.5,122.5,7.0,5.0,0.25,4.0,33.28,33.16,773.0
0.86,588.0,294.0,147.0,7.0,2.0,0.25,4.0,29.47,29.45,336.0
0.86,588.0,294.0,147.0,7.0,3.0,0.25,4.0,28.42,34.19,36.0
0.86,686.0,294.0,147.0,7.0,4.0,0.25,4.0,29.08,33.93,454.0
0.86,588.0,294.0,147.0,7.0,5.0,0.25,4.0,29.88,28.31,478.0
0.82,612.5,318.5,147.0,7.0,2.0,0.25,4.0,25.66,26.3,478.0
0.82,612.5,318.5,147.0,7.0,3.0,0.25,4.0,24.96,29.43,99.0
0.82,612.5,318.5,147.0,7.0,4.0,0.25,4.0,25.43,28.76,613.0
0.82,612.5,318.5,147.0,7.0,5.0,0.25,4.0,26.0,27.34,400.0
0.79,637.0,343.0,147.0,7.0,2.0,0.25,4.0,40.0,36.26,739.0
0.79,637.0,343.0,147.0,7.0,3.0,0.25,4.0,38.84,45.48,983.0
0.79,637.0,343.0,147.0,7.0,4.0,0.25,4.0,38.33,44.16,227.0
0.79,637.0,343.0,147.0,7.0,5.0,0.25,4.0,40.12,37.26,478.0
0.76,661.5,416.5,122.5,7.0,2.0,0.25,4.0,36.95,37.2,127.0
0.76,661.5,416.5,122.5,7.0,4.0,0.25,4.0,36.81,37.05,480.0
0.76,661.5,416.5,122.5,7.0,5.0,0.25,4.0,36.26,37.51,746.0
0.74,686.0,245.0,220.5,3.5,2.0,0.25,4.0,12.32,14.92,777.0
0.74,686.0,245.0,220.5,3.5,4.0,0.25,4.0,12.18,15.03,384.0
0.74,686.0,245.0,220.5,3.5,5.0,0.25,4.0,12.43,15.35,754.0
0.71,710.5,269.5,220.5,3.5,3.0,0.25,4.0,12.49,15.09,659.0
0.71,710.5,269.5,220.5,3.5,4.0,0.25,4.0,12.17,15.2,613.0
0.71,710.5,269.5,220.5,3.5,5.0,0.25,4.0,12.28,15.64,464.0
0.69,735.0,294.0,220.5,3.5,2.0,0.25,4.0,12.91,15.37,117.0
0.69,735.0,294.0,220.5,3.5,3.0,0.25,4.0,12.95,15.73,478.0
0.69,735.0,294.0,220.5,3.5,4.0,0.25,4.0,12.67,15.83,937.0
0.69,735.0,294.0,220.5,3.5,5.0,0.25,4.0,12.86,16.13,520.0
0.66,759.5,318.5,220.5,3.5,2.0,0.25,4.0,12.95,15.95,636.0
0.66,759.5,318.5,220.5,3.5,3.0,0.25,4.0,13.0,15.59,258.0
0.66,759.5,318.5,220.5,3.5,4.0,0.25,4.0,12.86,16.17,705.0
0.66,759.5,318.5,220.5,3.5,5.0,0.25,4.0,12.92,16.14,486.0
0.64,784.0,343.0,220.5,3.5,2.0,0.25,4.0,16.99,19.65,218.0
0.64,784.0,343.0,220.5,3.5,3.0,0.25,4.0,16.69,19.76,146.0
0.64,784.0,343.0,220.5,3.5,4.0,0.25,4.0,16.56,20.37,395.0
0.62,808.5,367.5,220.5,3.5,2.0,0.25,4.0,14.33,15.41,478.0
0.62,808.5,367.5,220.5,3.5,3.0,0.25,4.0,14.61,15.56,245.0
0.62,808.5,367.5,220.5,3.5,4.0,0.25,4.0,14.61,15.07,269.0
0.62,808.5,367.5,220.5,3.5,5.0,0.25,4.0,14.65,15.38,293.0
0.98,514.5,294.0,110.25,7.0,2.0,0.25,5.0,28.69,29.53,739.0
0.98,514.5,294.0,110.25,7.0,3.0,0.25,5.0,28.58,29.77,499.0
0.98,514.5,294.0,110.25,7.0,4.0,0.25,5.0,28.15,23.11,469.0
0.98,514.5,294.0,110.25,7.0,5.0,0.25,5.0,28.61,30.2,162.0
0.9,563.5,318.5,122.5,7.0,2.0,0.25,5.0,33.13,32.25,544.0
0.9,563.5,318.5,122.5,7.0,3.0,0.25,5.0,32.31,32.0,962.0
0.9,563.5,318.5,122.5,7.0,4.0,0.25,5.0,31.53,37.19,478.0
0.9,563.5,318.5,122.5,7.0,5.0,0.25,5.0,32.46,35.62,478.0
0.86,588.0,294.0,147.0,7.0,2.0,0.25,5.0,29.71,28.02,306.0
0.86,588.0,294.0,147.0,7.0,3.0,0.25,5.0,29.09,29.43,352.0
0.86,588.0,294.0,147.0,7.0,4.0,0.25,5.0,28.31,34.15,26.0
0.82,686.0,318.5,147.0,7.0,4.0,0.25,5.0,24.6,29.31,968.0
0.82,612.5,318.5,147.0,7.0,5.0,0.25,5.0,25.49,28.14,625.0
0.79,637.0,343.0,147.0,7.0,2.0,0.25,5.0,39.89,37.54,478.0
0.79,637.0,343.0,147.0,7.0,3.0,0.25,5.0,39.83,36.66,416.0
0.79,637.0,343.0,147.0,7.0,4.0,0.25,3.0,39.01,45.28,254.0
0.79,637.0,343.0,147.0,7.0,5.0,0.25,5.0,38.65,43.73,478.0
0.76,661.5,416.5,122.5,7.0,2.0,0.25,5.0,35.69,36.93,478.0
0.76,661.5,416.5,122.5,7.0,3.0,0.25,5.0,36.64,37.01,745.0
0.76,661.5,416.5,122.5,7.0,4.0,0.25,5.0,36.06,35.73,478.0
0.76,661.5,416.5,122.5,7.0,5.0,0.25,3.0,36.7,36.15,945.0
0.74,686.0,245.0,220.5,3.5,2.0,0.25,5.0,12.12,14.48,774.0
0.74,686.0,245.0,220.5,3.5,3.0,0.25,5.0,11.67,14.58,380.0
0.74,686.0,245.0,220.5,3.5,4.0,0.25,5.0,11.64,14.81,478.0
0.74,686.0,245.0,220.5,3.5,5.0,0.25,5.0,12.02,14.03,478.0
0.71,710.5,269.5,220.5,3.5,3.0,0.25,5.0,12.19,14.71,109.0
0.71,710.5,269.5,220.5,3.5,4.0,0.25,5.0,12.25,15.23,478.0
0.71,710.5,269.5,220.5,3.5,5.0,0.25,5.0,12.27,14.97,6.0
0.69,735.0,294.0,220.5,3.5,2.0,0.25,5.0,12.47,15.14,795.0
0.69,735.0,294.0,220.5,3.5,3.0,0.25,5.0,12.12,14.97,478.0
0.69,735.0,294.0,220.5,3.5,4.0,0.25,5.0,12.18,15.22,892.0
0.69,735.0,294.0,220.5,3.5,5.0,0.25,5.0,12.47,14.6,981.0
0.66,759.5,318.5,220.5,3.5,2.0,0.25,5.0,12.93,15.83,964.0
0.66,759.5,318.5,220.5,3.5,4.0,0.25,5.0,12.78,15.8,478.0
0.64,784.0,343.0,220.5,3.5,2.0,0.25,5.0,16.73,20.13,723.0
0.64,784.0,343.0,220.5,3.5,3.0,0.25,5.0,16.86,20.01,162.0
0.64,784.0,343.0,220.5,3.5,4.0,0.25,5.0,16.76,20.19,136.0
0.64,784.0,343.0,220.5,3.5,5.0,0.25,5.0,16.92,20.29,977.0
0.62,808.5,367.5,220.5,3.5,4.0,0.25,5.0,13.68,15.19,882.0
0.62,808.5,367.5,220.5,3.5,3.0,0.25,5.0,13.99,14.61,327.0
0.62,808.5,367.5,220.5,3.5,4.0,0.25,5.0,14.16,14.61,74.0
0.62,808.5,367.5,220.5,3.5,5.0,0.25,5.0,13.86,14.75,333.0
0.98,514.5,294.0,110.25,7.0,2.0,0.4,1.0,32.26,33.37,5.0
0.98,514.5,294.0,110.25,7.0,3.0,0.4,1.0,32.26,33.34,687.0
0.98,514.5,294.0,110.25,7.0,5.0,0.4,1.0,32.53,33.04,49.0
0.9,563.5,318.5,122.5,7.0,2.0,0.4,1.0,36.47,39.28,979.0
0.9,563.5,318.5,122.5,7.0,3.0,0.4,1.0,37.24,36.38,825.0
0.76,563.5,318.5,122.5,7.0,4.0,0.4,1.0,36.66,35.92,478.0
0.86,588.0,294.0,147.0,7.0,2.0,0.4,1.0,31.89,35.99,478.0
0.86,588.0,294.0,147.0,7.0,3.0,0.4,1.0,32.39,23.11,478.0
0.86,588.0,294.0,147.0,7.0,4.0,0.4,1.0,32.09,31.7,787.0
0.86,588.0,318.5,147.0,7.0,5.0,0.4,1.0,31.29,36.73,781.0
0.82,612.5,318.5,147.0,7.0,2.0,0.4,1.0,29.22,31.71,265.0
0.82,612.5,318.5,147.0,7.0,3.0,0.4,1.0,29.91,29.13,390.0
0.82,612.5,318.5,147.0,7.0,4.0,0.4,1.0,29.53,28.99,929.0
0.82,612.5,318.5,147.0,7.0,5.0,0.4,1.0,28.65,33.54,65.0
0.79,637.0,343.0,147.0,7.0,2.0,0.4,1.0,41.4,45.29,478.0
0.79,637.0,343.0,147.0,7.0,3.0,0.4,1.0,42.62,39.07,792.0
0.79,637.0,343.0,147.0,7.0,4.0,0.4,1.0,42.5,38.35,478.0
0.76,661.5,416.5,122.5,7.0,2.0,0.4,1.0,40.78,39.55,766.0
0.76,661.5,416.5,122.5,7.0,3.0,0.4,1.0,39.97,40.85,478.0
0.76,661.5,416.5,122.5,7.0,4.0,0.4,1.0,40.71,40.63,478.0
0.74,686.0,245.0,220.5,3.5,2.0,0.4,1.0,14.52,16.94,244.0
0.74,686.0,245.0,220.5,3.5,3.0,0.4,1.0,14.61,17.25,305.0
0.74,686.0,245.0,220.5,3.5,4.0,0.4,1.0,14.5,17.03,343.0
0.74,686.0,245.0,220.5,3.5,5.0,0.4,1.0,14.55,17.25,360.0
0.71,710.5,269.5,220.5,3.5,2.0,0.4,1.0,14.51,17.1,219.0
0.71,710.5,269.5,220.5,3.5,3.0,0.4,1.0,14.6,17.51,683.0
0.71,710.5,269.5,220.5,3.5,4.0,0.4,1.0,14.5,17.12,478.0
0.71,710.5,269.5,220.5,3.5,5.0,0.4,1.0,14.58,17.47,787.0
0.69,735.0,294.0,220.5,3.5,2.0,0.4,1.0,14.51,16.5,658.0
0.69,735.0,294.0,220.5,3.5,4.0,0.4,1.0,14.42,16.87,478.0
0.66,759.5,318.5,220.5,3.5,2.0,0.4,1.0,15.23,18.14,898.0
0.66,759.5,318.5,220.5,3.5,4.0,0.4,1.0,15.23,18.14,560.0
0.66,759.5,318.5,220.5,3.5,5.0,0.4,1.0,15.23,17.95,478.0
0.64,784.0,343.0,220.5,3.5,2.0,0.4,1.0,19.52,22.72,762.0
0.64,784.0,343.0,220.5,3.5,3.0,0.4,1.0,19.36,22.73,252.0
0.64,784.0,343.0,220.5,3.5,4.0,0.4,1.0,19.48,22.72,963.0
0.64,784.0,343.0,220.5,3.5,5.0,0.4,1.0,19.42,22.53,478.0
0.62,808.5,367.5,220.5,3.5,2.0,0.4,1.0,15.09,17.2,478.0
0.62,808.5,367.5,220.5,3.5,3.0,0.4,1.0,17.17,17.21,593.0
0.62,808.5,367.5,220.5,3.5,4.0,0.4,1.0,17.14,17.15,478.0
0.62,808.5,367.5,220.5,3.5,5.0,0.4,1.0,17.14,17.2,470.0
0.98,514.5,294.0,110.25,7.0,2.0,0.4,2.0,32.82,32.96,478.0
0.98,514.5,294.0,110.25,7.0,4.0,0.4,2.0,32.24,23.11,397.0
0.98,514.5,294.0,110.25,7.0,5.0,0.4,2.0,32.72,33.78,624.0
0.9,563.5,318.5,122.5,7.0,2.0,0.4,2.0,35.84,38.35,170.0
0.9,563.5,318.5,122.5,7.0,3.0,0.4,2.0,36.57,35.39,828.0
0.9,563.5,318.5,122.5,7.0,4.0,0.25,2.0,36.06,34.94,229.0
0.9,563.5,318.5,122.5,7.0,5.0,0.4,2.0,35.69,40.66,241.0
0.86,588.0,294.0,147.0,7.0,2.0,0.4,2.0,32.48,35.48,10.0
0.86,588.0,294.0,147.0,7.0,3.0,0.4,2.0,32.74,30.53,342.0
0.86,588.0,294.0,147.0,7.0,4.0,0.4,2.0,32.13,32.28,582.0
0.86,588.0,294.0,147.0,7.0,5.0,0.4,2.0,31.64,36.86,704.0
0.82,612.5,318.5,147.0,7.0,2.0,0.4,2.0,28.95,30.34,898.0
0.82,612.5,318.5,147.0,7.0,3.0,0.4,2.0,29.49,27.93,777.0
0.82,612.5,318.5,147.0,7.0,4.0,0.4,2.0,28.64,28.95,478.0
0.82,612.5,318.5,147.0,7.0,5.0,0.4,2.0,28.01,32.92,478.0
0.79,637.0,343.0,147.0,7.0,2.0,0.4,2.0,41.64,45.59,194.0
0.79,637.0,343.0,147.0,7.0,4.0,0.4,2.0,42.74,38.84,358.0
0.79,637.0,343.0,147.0,7.0,4.0,0.4,2.0,41.92,48.03,478.0
0.76,661.5,416.5,122.5,7.0,2.0,0.4,2.0,40.78,39.48,203.0
0.76,661.5,416.5,122.5,7.0,3.0,0.4,2.0,40.15,40.4,478.0
0.76,661.5,416.5,122.5,7.0,5.0,0.4,2.0,40.42,39.7,391.0
0.74,686.0,245.0,220.5,3.5,2.0,0.4,2.0,14.54,16.43,604.0
0.74,686.0,245.0,220.5,3.5,3.0,0.4,2.0,14.45,16.93,478.0
0.74,686.0,245.0,220.5,3.5,4.0,0.4,2.0,14.18,16.99,478.0
0.74,686.0,245.0,220.5,3.5,5.0,0.4,2.0,14.5,17.03,984.0
0.71,710.5,269.5,220.5,3.5,2.0,0.4,2.0,14.7,16.77,435.0
0.71,710.5,269.5,220.5,3.5,3.0,0.4,2.0,14.66,17.37,113.0
0.71,710.5,269.5,220.5,3.5,4.0,0.4,2.0,14.4,17.27,478.0
0.71,710.5,269.5,220.5,3.5,5.0,0.4,2.0,14.71,17.51,705.0
0.69,735.0,294.0,220.5,3.5,2.0,0.4,2.0,14.75,16.44,478.0
0.69,735.0,318.5,220.5,3.5,4.0,0.4,2.0,14.33,17.23,391.0
0.69,735.0,294.0,220.5,7.0,5.0,0.4,2.0,14.62,17.22,150.0
0.66,759.5,318.5,220.5,3.5,2.0,0.4,2.0,15.34,17.85,172.0
0.66,759.5,318.5,220.5,3.5,3.0,0.25,2.0,15.29,17.89,478.0
0.66,759.5,318.5,220.5,3.5,4.0,0.4,2.0,15.09,18.36,478.0
0.66,759.5,318.5,220.5,3.5,5.0,0.4,2.0,15.3,18.15,478.0
0.64,784.0,343.0,220.5,3.5,4.0,0.4,2.0,18.9,22.09,489.0
0.64,784.0,343.0,220.5,3.5,5.0,0.4,2.0,19.12,21.93,907.0
0.62,808.5,367.5,220.5,3.5,2.0,0.4,2.0,16.76,17.36,302.0
0.62,808.5,367.5,220.5,3.5,4.0,0.4,2.0,17.26,16.86,250.0
0.62,808.5,367.5,220.5,7.0,5.0,0.4,2.0,19.27,16.99,64.0
0.98,514.5,294.0,110.25,7.0,2.0,0.4,3.0,32.82,32.78,725.0
0.98,514.5,294.0,110.25,7.0,3.0,0.4,3.0,32.69,33.24,756.0
0.98,514.5,294.0,220.5,7.0,4.0,0.4,3.0,32.23,33.86,926.0
0.98,686.0,294.0,110.25,7.0,5.0,0.4,3.0,32.75,34.0,921.0
0.9,563.5,318.5,122.5,7.0,2.0,0.4,3.0,34.24,37.26,478.0
0.9,563.5,318.5,122.5,7.0,3.0,0.4,3.0,34.95,35.04,621.0
0.76,563.5,318.5,122.5,7.0,4.0,0.4,3.0,35.05,23.11,704.0
0.9,563.5,318.5,122.5,7.0,5.0,0.4,3.0,34.29,33.31,478.0
0.86,588.0,294.0,147.0,7.0,2.0,0.4,3.0,31.28,35.22,478.0
0.86,588.0,294.0,147.0,7.0,4.0,0.4,3.0,32.05,30.11,478.0
0.86,588.0,294.0,147.0,7.0,5.0,0.4,3.0,31.84,31.6,478.0
0.82,612.5,318.5,147.0,7.0,2.0,0.4,3.0,28.67,32.43,179.0
0.82,612.5,318.5,147.0,7.0,3.0,0.4,3.0,29.67,30.65,478.0
0.82,612.5,318.5,147.0,7.0,4.0,0.4,3.0,29.47,29.77,478.0
0.82,612.5,318.5,147.0,7.0,5.0,0.4,3.0,28.91,29.64,313.0
0.79,637.0,343.0,147.0,7.0,2.0,0.4,3.0,41.26,46.44,478.0
0.79,637.0,343.0,147.0,7.0,3.0,0.4,3.0,41.3,44.18,478.0
0.79,637.0,343.0,147.0,7.0,4.0,0.4,3.0,42.49,38.81,478.0
0.79,637.0,343.0,147.0,7.0,5.0,0.4,3.0,42.08,38.23,478.0
0.76,661.5,416.5,122.5,7.0,2.0,0.4,3.0,39.32,38.17,228.0
0.76,661.5,416.5,122.5,7.0,3.0,0.4,3.0,39.84,38.48,991.0
0.76,661.5,416.5,122.5,7.0,4.0,0.4,3.0,38.89,39.66,446.0
0.76,661.5,416.5,122.5,7.0,5.0,0.4,3.0,39.68,40.1,478.0
0.74,686.0,245.0,220.5,3.5,4.0,0.4,3.0,13.97,16.08,478.0
0.74,686.0,245.0,220.5,3.5,3.0,0.4,3.0,14.22,15.39,478.0
0.74,686.0,245.0,220.5,3.5,4.0,0.4,3.0,14.1,16.57,478.0
0.74,686.0,245.0,220.5,3.5,5.0,0.25,3.0,13.78,16.6,478.0
0.71,710.5,269.5,220.5,7.0,2.0,0.4,3.0,19.27,23.11,189.0
0.71,710.5,269.5,220.5,3.5,3.0,0.4,3.0,14.03,15.47,478.0
0.71,710.5,269.5,220.5,3.5,4.0,0.4,3.0,13.94,16.7,605.0
0.71,710.5,269.5,220.5,3.5,5.0,0.4,3.0,13.86,16.1,872.0
0.69,735.0,294.0,220.5,3.5,2.0,0.4,3.0,14.32,16.35,69.0
0.69,735.0,294.0,220.5,3.5,3.0,0.4,3.0,14.56,15.84,560.0
0.69,735.0,294.0,220.5,3.5,4.0,0.4,3.0,14.33,16.99,960.0
0.69,686.0,294.0,220.5,3.5,5.0,0.4,3.0,14.08,17.02,404.0
0.66,759.5,318.5,220.5,3.5,4.0,0.4,3.0,15.16,17.04,182.0
0.66,759.5,318.5,220.5,3.5,3.0,0.4,3.0,15.18,17.63,478.0
0.66,759.5,318.5,220.5,3.5,4.0,0.4,3.0,14.72,18.1,936.0
0.66,759.5,318.5,220.5,3.5,5.0,0.4,3.0,14.9,18.22,405.0
0.64,784.0,343.0,220.5,3.5,2.0,0.4,3.0,18.48,20.78,105.0
0.64,784.0,343.0,220.5,3.5,3.0,0.4,3.0,18.71,20.72,866.0
0.64,784.0,343.0,220.5,3.5,4.0,0.4,3.0,18.48,21.54,802.0
0.64,784.0,343.0,220.5,3.5,5.0,0.4,3.0,18.46,21.53,703.0
0.62,808.5,367.5,220.5,3.5,2.0,0.4,3.0,16.47,16.9,478.0
0.62,808.5,367.5,220.5,3.5,3.0,0.4,3.0,16.35,17.14,82.0
0.62,808.5,367.5,220.5,3.5,5.0,0.4,3.0,16.74,23.11,159.0
0.98,514.5,294.0,110.25,7.0,4.0,0.4,4.0,32.85,32.95,478.0
0.98,514.5,294.0,110.25,7.0,3.0,0.4,4.0,32.67,33.06,478.0
0.98,514.5,294.0,110.25,7.0,4.0,0.4,4.0,32.21,33.95,765.0
0.98,514.5,294.0,110.25,7.0,5.0,0.4,4.0,32.74,33.88,101.0
0.9,563.5,318.5,122.5,7.0,2.0,0.4,4.0,36.45,33.98,727.0
0.9,563.5,318.5,122.5,7.0,3.0,0.4,4.0,35.73,39.92,934.0
0.9,563.5,318.5,122.5,7.0,4.0,0.4,4.0,35.4,39.22,130.0
0.9,563.5,318.5,122.5,7.0,5.0,0.4,4.0,36.57,36.1,652.0
0.86,588.0,294.0,147.0,7.0,2.0,0.4,4.0,32.38,31.53,478.0
0.86,588.0,294.0,147.0,7.0,3.0,0.4,4.0,31.66,36.2,478.0
0.86,588.0,294.0,147.0,7.0,4.0,0.4,4.0,32.15,36.21,292.0
0.86,588.0,294.0,147.0,7.0,5.0,0.4,4.0,32.75,31.0,788.0
0.82,612.5,318.5,147.0,7.0,2.0,0.4,4.0,28.93,28.2,869.0
0.82,612.5,318.5,147.0,7.0,3.0,0.4,4.0,28.05,32.35,368.0
0.82,612.5,318.5,147.0,7.0,4.0,0.4,4.0,28.64,31.14,478.0
0.82,612.5,318.5,147.0,7.0,5.0,0.4,4.0,29.52,28.43,244.0
0.79,637.0,343.0,147.0,7.0,2.0,0.4,4.0,42.77,38.33,843.0
0.79,637.0,343.0,147.0,7.0,3.0,0.4,4.0,41.73,47.59,569.0
0.79,637.0,343.0,147.0,7.0,4.0,0.4,4.0,41.32,46.23,430.0
0.79,637.0,343.0,147.0,7.0,5.0,0.4,4.0,42.96,39.56,13.0
0.76,661.5,416.5,122.5,7.0,2.0,0.4,4.0,40.68,40.36,782.0
0.76,661.5,416.5,122.5,7.0,3.0,0.4,4.0,40.4,39.67,465.0
0.76,661.5,416.5,122.5,7.0,4.0,0.4,4.0,40.6,39.85,545.0
0.76,661.5,416.5,122.5,7.0,4.0,0.4,4.0,40.11,40.77,478.0
0.74,686.0,245.0,220.5,3.5,2.0,0.4,4.0,14.37,16.61,562.0
0.74,686.0,245.0,220.5,3.5,3.0,0.4,4.0,14.48,16.74,478.0
0.74,686.0,245.0,220.5,3.5,4.0,0.4,4.0,14.32,16.9,559.0
0.74,686.0,318.5,220.5,3.5,4.0,0.4,4.0,14.44,17.32,342.0
0.71,710.5,269.5,220.5,3.5,2.0,0.4,4.0,14.6,16.85,478.0
0.71,710.5,269.5,220.5,3.5,3.0,0.4,4.0,14.7,17.2,642.0
0.71,710.5,269.5,220.5,3.5,4.0,0.4,4.0,14.47,17.23,760.0
0.71,710.5,269.5,220.5,3.5,5.0,0.4,3.0,14.66,17.74,226.0
0.69,735.0,294.0,220.5,3.5,2.0,0.4,4.0,14.54,16.81,478.0
0.69,735.0,294.0,220.5,3.5,3.0,0.4,4.0,14.62,16.88,478.0
0.69,735.0,294.0,220.5,3.5,5.0,0.4,4.0,14.71,17.39,254.0
0.66,759.5,318.5,220.5,3.5,2.0,0.4,4.0,15.34,17.86,911.0
0.66,759.5,318.5,220.5,3.5,3.0,0.4,4.0,15.29,23.11,571.0
0.66,759.5,318.5,220.5,3.5,4.0,0.4,4.0,15.09,18.36,774.0
0.64,784.0,343.0,220.5,3.5,2.0,0.4,4.0,19.06,21.68,478.0
0.64,784.0,343.0,220.5,3.5,3.0,0.4,4.0,19.13,21.54,941.0
0.64,784.0,343.0,220.5,3.5,4.0,0.4,4.0,19.0,22.25,478.0
0.64,784.0,343.0,220.5,3.5,5.0,0.4,4.0,18.84,22.49,478.0
0.62,808.5,367.5,220.5,3.5,2.0,0.4,4.0,16.44,17.1,478.0
0.62,808.5,367.5,220.5,3.5,3.0,0.4,4.0,16.9,16.79,336.0
0.62,808.5,367.5,220.5,3.5,4.0,0.4,4.0,16.94,16.58,949.0
0.62,808.5,367.5,220.5,3.5,5.0,0.4,4.0,16.77,16.79,776.0
0.98,514.5,294.0,110.25,7.0,2.0,0.4,5.0,32.84,32.88,127.0
0.98,514.5,294.0,110.25,7.0,3.0,0.4,5.0,32.72,33.23,95.0
0.98,514.5,294.0,220.5,7.0,4.0,0.4,5.0,32.21,33.76,126.0
0.98,514.5,294.0,110.25,7.0,5.0,0.4,5.0,32.73,34.01,740.0
0.9,563.5,318.5,122.5,7.0,2.0,0.25,5.0,35.67,33.94,143.0
0.9,563.5,318.5,122.5,7.0,3.0,0.4,5.0,35.01,33.14,478.0
0.9,563.5,318.5,122.5,7.0,4.0,0.4,5.0,34.72,38.79,478.0
0.9,563.5,318.5,122.5,7.0,5.0,0.4,5.0,35.24,37.27,135.0
0.86,588.0,294.0,147.0,7.0,2.0,0.4,5.0,32.31,29.69,478.0
0.86,588.0,294.0,147.0,7.0,3.0,0.4,5.0,31.81,31.2,678.0
0.86,588.0,294.0,147.0,7.0,4.0,0.4,5.0,31.12,36.26,972.0
0.86,588.0,294.0,147.0,7.0,5.0,0.4,5.0,32.06,35.71,478.0
0.82,612.5,318.5,147.0,7.0,2.0,0.4,5.0,30.0,29.93,746.0
0.82,612.5,318.5,147.0,7.0,3.0,0.4,5.0,29.5,29.56,530.0
0.82,612.5,318.5,147.0,7.0,4.0,0.4,5.0,29.06,33.84,466.0
0.82,612.5,318.5,147.0,7.0,5.0,0.4,5.0,29.92,32.54,520.0
0.79,637.0,343.0,147.0,7.0,4.0,0.4,5.0,42.11,38.56,958.0
0.79,637.0,343.0,147.0,7.0,3.0,0.4,5.0,41.96,37.7,59.0
0.79,637.0,343.0,147.0,7.0,4.0,0.4,5.0,41.09,47.01,513.0
0.79,637.0,343.0,147.0,7.0,5.0,0.4,5.0,40.79,44.87,51.0
0.76,661.5,416.5,122.5,7.0,2.0,0.4,5.0,38.82,39.37,875.0
0.76,661.5,416.5,122.5,7.0,3.0,0.4,5.0,39.72,39.8,601.0
0.76,661.5,416.5,122.5,7.0,4.0,0.4,5.0,39.31,37.79,478.0
0.76,661.5,416.5,122.5,7.0,5.0,0.4,5.0,39.86,38.18,478.0
0.74,686.0,245.0,220.5,3.5,2.0,0.4,5.0,14.41,16.69,435.0
0.74,686.0,245.0,220.5,3.5,3.0,0.4,5.0,14.19,16.62,478.0
0.74,686.0,245.0,220.5,3.5,4.0,0.4,5.0,14.17,16.94,978.0
0.74,686.0,245.0,220.5,3.5,5.0,0.4,5.0,14.39,16.7,378.0
0.71,710.5,269.5,220.5,3.5,2.0,0.4,5.0,12.43,15.59,23.0
0.71,710.5,269.5,220.5,3.5,3.0,0.4,5.0,12.63,14.58,612.0
0.71,710.5,269.5,220.5,3.5,4.0,0.4,5.0,12.76,15.33,478.0
0.69,735.0,294.0,220.5,3.5,2.0,0.4,5.0,14.12,16.63,162.0
0.69,735.0,294.0,220.5,3.5,4.0,0.4,5.0,14.37,16.54,420.0
0.69,735.0,294.0,220.5,3.5,5.0,0.4,5.0,14.21,16.74,420.0
0.66,759.5,318.5,220.5,3.5,2.0,0.4,5.0,14.96,17.64,803.0
0.66,759.5,318.5,220.5,3.5,4.0,0.4,5.0,14.92,17.79,478.0
0.66,759.5,318.5,220.5,3.5,5.0,0.4,5.0,15.16,18.06,478.0
0.64,784.0,343.0,220.5,7.0,2.0,0.4,5.0,17.69,20.82,645.0
0.64,784.0,343.0,220.5,3.5,3.0,0.4,5.0,18.19,20.21,312.0
0.64,784.0,343.0,220.5,3.5,4.0,0.4,5.0,18.16,20.71,180.0
0.64,784.0,343.0,220.5,3.5,5.0,0.4,5.0,17.88,21.4,478.0
0.62,808.5,367.5,220.5,3.5,2.0,0.4,5.0,16.54,16.88,846.0
0.62,808.5,367.5,220.5,3.5,3.0,0.4,5.0,16.44,17.11,4.0
0.62,808.5,367.5,220.5,3.5,4.0,0.4,5.0,16.48,16.61,583.0
0.62,808.5,367.5,220.5,7.0,5.0,0.4,5.0,16.64,16.03,478.0
0.79,637.0,343.0,147.0,7.0,5.0,0.1,1.0,35.94,43.33,478.0
0.76,661.5,416.5,122.5,7.0,5.0,0.1,1.0,32.21,33.67,200.0
0.82,612.5,318.5,147.0,7.0,4.0,0.25,5.0,24.6,29.31,714.0
0.9,563.5,318.5,122.5,7.0,5.0,0.4,2.0,35.69,40.66,478.0
0.86,588.0,294.0,147.0,7.0,3.0,0.1,3.0,26.47,31.01,14.0
0.76,661.5,416.5,122.5,7.0,5.0,0.4,1.0,40.43,39.48,577.0
0.79,637.0,343.0,147.0,7.0,3.0,0.1,1.0,37.12,35.28,0.0
0.69,735.0,294.0,220.5,3.5,5.0,0.4,1.0,14.42,17.2,399.0
0.62,808.5,367.5,220.5,3.5,2.0,0.25,1.0,15.09,15.77,304.0
0.74,686.0,245.0,220.5,3.5,5.0,0.4,3.0,13.78,16.6,478.0
0.64,784.0,343.0,220.5,3.5,2.0,0.25,1.0,17.5,21.13,977.0
0.79,637.0,343.0,147.0,7.0,4.0,0.25,3.0,39.81,37.76,698.0
0.86,588.0,294.0,147.0,7.0,2.0,0.4,2.0,32.48,35.48,734.0
0.98,514.5,294.0,110.25,7.0,4.0,0.4,1.0,32.49,32.83,22.0
0.74,686.0,245.0,220.5,3.5,4.0,0.4,5.0,14.17,16.94,63.0
